[{"id":"5f1272a5-6ff2-4642-9192-a89455b67779","index":2,"registrationId":1,"modifierKeys":["Window","Control","Alter"],"commandKey":"N","commandTypeFullName":"SilverHotKey.Commands.Defaults.TriggerCommand","commandParameters":[{"id":"552e11c3-a195-42d2-8da2-7f5333fd69df","type":"File","key":"c:\\windows\\notepad.exe"}]},{"id":"28b554f7-a571-42ad-91a8-0db1ad689a4e","index":10,"registrationId":2,"modifierKeys":["Window","Alter"],"commandKey":"N","commandTypeFullName":"SilverHotKey.Commands.Defaults.TriggerCommand","commandParameters":[{"id":"e6b09cac-8795-4b36-b393-190020207310","type":"File","key":"C:\\Program Files (x86)\\Notepad++\\notepad++.exe"}]},{"id":"29caa9d2-d44d-4dba-a490-2092d4af7c5e","index":19,"registrationId":3,"modifierKeys":["Window","Control","Alter"],"commandKey":"Escape","commandTypeFullName":"SilverHotKey.Commands.Defaults.TriggerCommand","commandParameters":[{"id":"b3fa80e0-474b-46f8-83d2-d5e382720922","type":"SystemTask","key":"MediaPlayPause","name":"Media Play Pause"}]},{"id":"95bc3bab-1f4d-4577-b78a-26820b573d98","index":22,"registrationId":4,"modifierKeys":["Window","Control"],"commandKey":"F9","commandTypeFullName":"SilverHotKey.Commands.Defaults.TriggerCommand","commandParameters":[{"id":"a4192bf4-3345-437a-8426-d5520c8e15bd","type":"SystemTask","key":"SilverHotKeyBringToCentreOfPrimaryScreen","name":"Silver Hot Key Bring to Centre of Primary Screen"}]},{"id":"71c31c98-6587-4c5e-89d9-cff4bcb41272","index":5,"registrationId":5,"modifierKeys":["Window"],"commandKey":"Escape","commandTypeFullName":"SilverHotKey.Commands.Defaults.TriggerCommand","commandParameters":[{"id":"1eb59f13-7e30-4c89-a5c7-acab42cde8b4","type":"SystemTask","key":"MediaPlayPause","name":"Media Play Pause"}]},{"id":"abaee1b4-39c9-4634-be4e-91435386081e","index":6,"registrationId":6,"modifierKeys":["Window"],"commandKey":"Num6","commandTypeFullName":"SilverHotKey.Commands.Defaults.TriggerCommand","commandParameters":[{"id":"c23bb0c9-9c30-414f-bf0c-b336ccb88359","type":"SystemTask","key":"MediaNextTrack","name":"Media Next Track"}]},{"id":"d1551e22-e379-4919-86ec-f341164cae3b","index":14,"registrationId":7,"modifierKeys":["Window","Control","Alter"],"commandKey":"Up","commandTypeFullName":"SilverHotKey.Commands.Defaults.TriggerCommand","commandParameters":[{"id":"571c552c-2ed4-4b99-a1c2-0f10c542c70d","type":"SystemTask","key":"SystemVolumeIncrease","name":"System Volume Increase"}]},{"id":"b1574033-004f-4343-80f6-429a4ff5a26b","index":9,"registrationId":8,"modifierKeys":["Window","Alter"],"commandKey":"S","commandTypeFullName":"SilverHotKey.Commands.Defaults.TriggerCommand","commandParameters":[{"id":"44a702c7-979e-4640-a7b1-2e39e3add7ce","type":"File","key":"C:\\Program Files\\Sublime Text\\sublime_text.exe"}]},{"id":"14e38d7c-e798-4709-9d0b-ccf65f1d62af","index":21,"registrationId":9,"modifierKeys":["Window","Control"],"commandKey":"Num0","commandTypeFullName":"SilverHotKey.Commands.Defaults.TriggerCommand","commandParameters":[{"id":"e25549ef-b51b-47f9-8c7f-b48e7e4c0713","type":"Directory","key":"D:\\tmp\\a0a6eb67-46af-489f-a659-a72e058b4050"},{"id":"99a5aa57-6da2-4807-9e87-3939098a722e","type":"Directory","key":"D:\\tmp\\a0a6eb67-46af-489f-a659-a72e058b4050\\submissions"},{"id":"cd52af30-7e0b-475c-9498-c9289f9d7fe5","type":"Directory","key":"D:\\tmp\\a0a6eb67-46af-489f-a659-a72e058b4050\\temp"},{"id":"74ac022e-2973-4b83-b90b-0b7fbf09c730","type":"Directory","key":"D:\\tmp\\a0a6eb67-46af-489f-a659-a72e058b4050\\upload"},{"id":"ce4561fc-1c70-48d2-a42a-02548d036d04","type":"Url","key":"http://localhost:5050/"}]},{"id":"7d4397b7-3dd0-4b6a-bfe0-51eea866325d","index":24,"registrationId":10,"modifierKeys":["Window","Control","Alter","Shift"],"commandKey":"F12","commandTypeFullName":"SilverHotKey.Commands.Defaults.TriggerCommand","commandParameters":[{"id":"8b2d31f2-2468-4ecb-8758-2d2104eb487f","type":"SystemTask","key":"SilverHotKeyExitApplication","name":"Silver Hot Key Exit Application"}]},{"id":"23a65788-f1c1-44f5-8213-4d8fd719fd3a","index":23,"registrationId":11,"modifierKeys":["Window"],"commandKey":"F10","commandTypeFullName":"SilverHotKey.Commands.Defaults.TriggerCommand","commandParameters":[{"id":"d2a24102-40fd-4bd9-ab2a-1a8d5c7cb90f","type":"SystemTask","key":"SilverHotKeyToggleVisibility","name":"Silver Hot Key Toggle Visibility"}]},{"id":"7e4f124b-cb70-4026-bcf9-c242a0b0f9b1","index":7,"registrationId":12,"modifierKeys":["Window"],"commandKey":"Num4","commandTypeFullName":"SilverHotKey.Commands.Defaults.TriggerCommand","commandParameters":[{"id":"291edc60-8f75-49ed-8870-fc7fd5ae89ae","type":"SystemTask","key":"MediaPreviousTrack","name":"Media Previous Track"}]},{"id":"63971174-c8c6-4ef9-9d5c-8089d94d2507","index":12,"registrationId":13,"modifierKeys":["Window","Alter"],"commandKey":"E","commandTypeFullName":"SilverHotKey.Commands.Defaults.TriggerCommand","commandParameters":[{"id":"d25f11f3-e3f3-4f62-abd2-24956292f859","type":"File","key":"C:\\Program Files (x86)\\Microsoft\\Edge\\Application\\msedge.exe"}]},{"id":"caaf85b2-375a-4bab-a689-fc07c8f3c2ef","index":15,"registrationId":14,"modifierKeys":["Window","Control","Alter"],"commandKey":"Down","commandTypeFullName":"SilverHotKey.Commands.Defaults.TriggerCommand","commandParameters":[{"id":"03fa66c6-39fd-4940-8498-0f09524ba95c","type":"SystemTask","key":"SystemVolumeDecrease","name":"System Volume Decrease"}]},{"id":"98820320-532f-4afa-8581-77eb8b37dfc5","index":17,"registrationId":15,"modifierKeys":["Window","Control","Alter"],"commandKey":"Right","commandTypeFullName":"SilverHotKey.Commands.Defaults.TriggerCommand","commandParameters":[{"id":"b2fe7de2-9c14-4cbb-9559-a5f62b719eda","type":"SystemTask","key":"MediaNextTrack","name":"Media Next Track"}]},{"id":"f9205e37-9700-411d-a943-e3b0df3bbba9","index":4,"registrationId":16,"modifierKeys":["Window"],"commandKey":"Num5","commandTypeFullName":"SilverHotKey.Commands.Defaults.TriggerCommand","commandParameters":[{"id":"52402cb9-5904-4295-b5b4-19926bc2ae98","type":"SystemTask","key":"SystemVolumeMuteUnmute","name":"System Volume Mute Unmute"}]},{"id":"1ca5142f-eeb4-4d2b-809e-145717a7a914","index":8,"registrationId":17,"modifierKeys":["Window","Alter"],"commandKey":"V","commandTypeFullName":"SilverHotKey.Commands.Defaults.TriggerCommand","commandParameters":[{"id":"e4915e7f-7fe1-4f84-a19b-459438d7b116","type":"File","key":"C:\\Program Files\\Microsoft Visual Studio\\2022\\Community\\Common7\\IDE\\devenv.exe"}]},{"id":"4f55efd9-9046-495c-a2ee-05248f57d3b2","index":20,"registrationId":18,"modifierKeys":["Window","Control"],"commandKey":"W","commandTypeFullName":"SilverHotKey.Commands.Defaults.TriggerCommand","commandParameters":[{"id":"18589eec-cd57-4c3e-87b5-56e6fc3143b5","type":"Directory","key":"C:\\Windows"}]},{"id":"930d84af-007f-4732-9907-2bbb7311b2cf","index":11,"registrationId":19,"modifierKeys":["Window","Alter"],"commandKey":"C","commandTypeFullName":"SilverHotKey.Commands.Defaults.TriggerCommand","commandParameters":[{"id":"56b72cfe-3985-4e45-8329-de0bb5f4efb7","type":"File","key":"C:\\Program Files\\Google\\Chrome\\Application\\chrome.exe"}]},{"id":"f80ebc1d-490a-4b29-b87a-78aa27579292","index":3,"registrationId":20,"modifierKeys":["Window"],"commandKey":"Num2","commandTypeFullName":"SilverHotKey.Commands.Defaults.TriggerCommand","commandParameters":[{"id":"3e4cfdaa-a231-4971-8284-21dafcec7d2a","type":"SystemTask","key":"SystemVolumeDecrease","name":"System Volume Decrease"}]},{"id":"9c5ca364-0337-4cad-a177-e2ae409e3977","index":18,"registrationId":21,"modifierKeys":["Window","Control","Alter"],"commandKey":"Num5","commandTypeFullName":"SilverHotKey.Commands.Defaults.TriggerCommand","commandParameters":[{"id":"baf0cd83-a404-4e1a-a171-7bedf58b9962","type":"SystemTask","key":"SystemVolumeMuteUnmute","name":"System Volume Mute Unmute"}]},{"id":"9c40d534-a05f-49d4-b8c8-66e17e815912","index":13,"registrationId":22,"modifierKeys":["Window","Control","Alter"],"commandKey":"V","commandTypeFullName":"SilverHotKey.Commands.Defaults.TriggerCommand","commandParameters":[{"id":"196596fa-188f-4e13-84c5-60322e8885e8","type":"File","key":"C:\\Users\\gmpat\\AppData\\Local\\Programs\\Microsoft VS Code\\Code.exe"}]},{"id":"9e77675a-b673-4cdc-af33-8e9ff45685fe","index":16,"registrationId":23,"modifierKeys":["Window","Control","Alter"],"commandKey":"Left","commandTypeFullName":"SilverHotKey.Commands.Defaults.TriggerCommand","commandParameters":[{"id":"22ba153b-a1ab-4c6c-8404-d14c0d218172","type":"SystemTask","key":"MediaPreviousTrack","name":"Media Previous Track"}]},{"id":"9e3f1d3d-0ded-4e6e-a5a7-aad561e7f69d","index":1,"registrationId":24,"modifierKeys":["Window"],"commandKey":"Num8","commandTypeFullName":"SilverHotKey.Commands.Defaults.TriggerCommand","commandParameters":[{"id":"50056e01-14ba-49d5-a6aa-589893af607c","type":"SystemTask","key":"SystemVolumeIncrease","name":"System Volume Increase"}]}]